category,scenario,failure_mode,existing_control_or_fix,evidence,evidence_level,status,id,severity,occurrence,detection,rpn,priority,impact,residual,evidence_file_sha256
retry_idempotency_issues,retry accepts exact quote and locator without rewriting fact (fact_retry_contract),Contract violation: retry accepts exact quote and locator without rewriting fact,The named actual-code unittest ran under an external network-denial boundary; fixture substitutions are limited to its declared dependencies.,evals/fact_retry_contract.py:test_retry_accepts_exact_quote_and_locator_without_rewriting_fact,executed_contract,verified_free,DEMO-001,8,3,5,120,P1,Repeating or resuming an action creates unwanted extra work.,"Synthetic fixtures establish the stated software contract, not live provider quality or deployed availability.",68b201ae3e00e6292655202f8697d66d4e1b4e2f420e4de4f54b2c7c71c2cbdc
data_integrity_partial_writes,reorder preserves citation meaning (knowledge_contract),Contract violation: reorder preserves citation meaning,The named actual-code unittest ran under an external network-denial boundary; fixture substitutions are limited to its declared dependencies.,evals/knowledge_contract.py:test_reorder_preserves_citation_meaning,executed_contract,verified_free,DEMO-002,8,3,6,144,P1,"Saved source, approval or output no longer matches its authoritative record.","Synthetic fixtures establish the stated software contract, not live provider quality or deployed availability.",9ae4493152699f1ba35e8b10cd67b2fd423713a34ff41126be216f212adf101c
external_dependency_failures,mock opens no http client (media_provider_contract),Contract violation: mock opens no http client,The named actual-code unittest ran under an external network-denial boundary; fixture substitutions are limited to its declared dependencies.,evals/media_provider_contract.py:test_mock_opens_no_http_client,executed_contract,verified_free,DEMO-003,7,4,5,140,P1,Upstream failure leaks into the workflow or causes unsupported fallback.,"Synthetic fixtures establish the stated software contract, not live provider quality or deployed availability.",c693c8615d57d758130d2a9c436480948624ea20d21b782670f27803726faea7
security_access_control,private copy and normal publication (portfolio_example_contract),Contract violation: private copy and normal publication,The named actual-code unittest ran under an external network-denial boundary; fixture substitutions are limited to its declared dependencies.,evals/portfolio_example_contract.py:test_private_copy_and_normal_publication,executed_contract,verified_free,DEMO-004,9,3,6,162,P1,"Another account, secret or protected resource becomes accessible.","Synthetic fixtures establish the stated software contract, not live provider quality or deployed availability.",32b41779fb83d4713afea24240f8900fd5b14055272b0dfd75b89061978bb77e
billing_credit_mismatches,actual nine stop scalar contradiction is repaired (prepared_budget_contract),Contract violation: actual nine stop scalar contradiction is repaired,The named actual-code unittest ran under an external network-denial boundary; fixture substitutions are limited to its declared dependencies.,evals/prepared_budget_contract.py:test_actual_nine_stop_scalar_contradiction_is_repaired,executed_contract,verified_free,DEMO-005,8,3,6,144,P1,"Usage, credits or reported costs do not match performed work.","Synthetic fixtures establish the stated software contract, not live provider quality or deployed availability.",ff779b63b104c2f99af6ca63cd2387d9a0e4dddb4a3baaad54690810e641eb7c
edge_cases_from_prd,runtime learning during voice returns to align (publication_approval_contract),Contract violation: runtime learning during voice returns to align,The named actual-code unittest ran under an external network-denial boundary; fixture substitutions are limited to its declared dependencies.,evals/publication_approval_contract.py:test_runtime_learning_during_voice_returns_to_align,executed_contract,verified_free,DEMO-006,7,4,5,140,P1,The product returns an outcome that violates its stated workflow.,"Synthetic fixtures establish the stated software contract, not live provider quality or deployed availability.",d4a111fe734d5f186610e421f6bb19e108fee28c15305daa641719d687965406
data_integrity_partial_writes,brief acknowledgment and direct fact keep the normal answer path (runtime_conversation_contract),Contract violation: brief acknowledgment and direct fact keep the normal answer path,The named actual-code unittest ran under an external network-denial boundary; fixture substitutions are limited to its declared dependencies.,evals/runtime_conversation_contract.py:test_brief_acknowledgment_and_direct_fact_keep_the_normal_answer_path,executed_contract,verified_free,DEMO-007,8,3,6,144,P1,"Saved source, approval or output no longer matches its authoritative record.","Synthetic fixtures establish the stated software contract, not live provider quality or deployed availability.",774bdecc1dfbd5ceadedecb44a6f22701f472eaa72a46113a7910456eafa9db6
billing_credit_mismatches,later turn skips only credit failure and retains fallback success (runtime_credit_cooldown_contract),Contract violation: later turn skips only credit failure and retains fallback success,The named actual-code unittest ran under an external network-denial boundary; fixture substitutions are limited to its declared dependencies.,evals/runtime_credit_cooldown_contract.py:test_later_turn_skips_only_credit_failure_and_retains_fallback_success,executed_contract,verified_free,DEMO-008,8,3,6,144,P1,"Usage, credits or reported costs do not match performed work.","Synthetic fixtures establish the stated software contract, not live provider quality or deployed availability.",fd7c716d5b9c30318145257ca00ced894c17fac5a422ee8afcbe4a9b9ea024bc
security_access_control,authority only enabled owner root url rows (runtime_domain_contract),Contract violation: authority only enabled owner root url rows,The named actual-code unittest ran under an external network-denial boundary; fixture substitutions are limited to its declared dependencies.,evals/runtime_domain_contract.py:test_authority_only_enabled_owner_root_url_rows,executed_contract,verified_free,DEMO-009,9,3,6,162,P1,"Another account, secret or protected resource becomes accessible.","Synthetic fixtures establish the stated software contract, not live provider quality or deployed availability.",e034c3ef40053cb88aee60b96d1fac0ae467bd3ade961e236771ca84713cd5df
edge_cases_from_prd,monthly basis is calculated without invented annual input (runtime_tools_replay_contract),Contract violation: monthly basis is calculated without invented annual input,The named actual-code unittest ran under an external network-denial boundary; fixture substitutions are limited to its declared dependencies.,evals/runtime_tools_replay_contract.py:test_monthly_basis_is_calculated_without_invented_annual_input,executed_contract,verified_free,DEMO-010,7,4,5,140,P1,The product returns an outcome that violates its stated workflow.,"Synthetic fixtures establish the stated software contract, not live provider quality or deployed availability.",75cbde6b078a28c3f82e666805b04bddab960921e4816730a3114daaaedb83b9
data_integrity_partial_writes,schema addition preserves other tool fields (runtime_web_search_contract),Contract violation: schema addition preserves other tool fields,The named actual-code unittest ran under an external network-denial boundary; fixture substitutions are limited to its declared dependencies.,evals/runtime_web_search_contract.py:test_schema_addition_preserves_other_tool_fields,executed_contract,verified_free,DEMO-011,8,3,6,144,P1,"Saved source, approval or output no longer matches its authoritative record.","Synthetic fixtures establish the stated software contract, not live provider quality or deployed availability.",9b7e746b53b1d4a0bd854f9c060ce1a23db0a0b4190eadb13c78996f31972793
scale_and_load_failures,busy worker rejects before any upload (upload_retry_contract),Contract violation: busy worker rejects before any upload,The named actual-code unittest ran under an external network-denial boundary; fixture substitutions are limited to its declared dependencies.,evals/upload_retry_contract.py:test_busy_worker_rejects_before_any_upload,executed_contract,verified_free,DEMO-012,7,3,5,105,P1,Concurrent workloads interfere or leave capacity unavailable.,"Synthetic fixtures establish the stated software contract, not live provider quality or deployed availability.",9bd4496ad35ee1b479a98b91feffe448b0bec01e6b898567b7162d7b9e29d9b0
security_access_control,creator owner and collection boundaries (portfolio_auth_contract),Contract violation: creator owner and collection boundaries,The named actual-code unittest ran under an external network-denial boundary; fixture substitutions are limited to its declared dependencies.,evals/portfolio_auth_contract.py:test_creator_owner_and_collection_boundaries,executed_auth_pg,verified_free,DEMO-013,9,3,6,162,P1,"Another account, secret or protected resource becomes accessible.","Synthetic fixtures establish the stated software contract, not live provider quality or deployed availability.",785166db8cda158e6ef68196a5842f93a3606f05c55fdc02d3c7706ee7a52b7c
security_access_control,reordered table tokens remain held (fact_retry_contract),Contract violation: reordered table tokens remain held,The named actual-code unittest ran under an external network-denial boundary; fixture substitutions are limited to its declared dependencies.,evals/fact_retry_contract.py:test_reordered_table_tokens_remain_held,executed_contract,verified_free,DEMO-014,9,3,6,162,P1,"Another account, secret or protected resource becomes accessible.","Synthetic fixtures establish the stated software contract, not live provider quality or deployed availability.",68b201ae3e00e6292655202f8697d66d4e1b4e2f420e4de4f54b2c7c71c2cbdc
data_integrity_partial_writes,change and removal never retarget ids (knowledge_contract),Contract violation: change and removal never retarget ids,The named actual-code unittest ran under an external network-denial boundary; fixture substitutions are limited to its declared dependencies.,evals/knowledge_contract.py:test_change_and_removal_never_retarget_ids,executed_contract,verified_free,DEMO-015,8,3,6,144,P1,"Saved source, approval or output no longer matches its authoritative record.","Synthetic fixtures establish the stated software contract, not live provider quality or deployed availability.",9ae4493152699f1ba35e8b10cd67b2fd423713a34ff41126be216f212adf101c
billing_credit_mismatches,runware primary returns validated png and actual cost (media_provider_contract),Contract violation: runware primary returns validated png and actual cost,The named actual-code unittest ran under an external network-denial boundary; fixture substitutions are limited to its declared dependencies.,evals/media_provider_contract.py:test_runware_primary_returns_validated_png_and_actual_cost,executed_contract,verified_free,DEMO-016,8,3,6,144,P1,"Usage, credits or reported costs do not match performed work.","Synthetic fixtures establish the stated software contract, not live provider quality or deployed availability.",c693c8615d57d758130d2a9c436480948624ea20d21b782670f27803726faea7
edge_cases_from_prd,runtime actions cannot invoke paid paths (portfolio_example_contract),Contract violation: runtime actions cannot invoke paid paths,The named actual-code unittest ran under an external network-denial boundary; fixture substitutions are limited to its declared dependencies.,evals/portfolio_example_contract.py:test_runtime_actions_cannot_invoke_paid_paths,executed_contract,verified_free,DEMO-017,7,4,5,140,P1,The product returns an outcome that violates its stated workflow.,"Synthetic fixtures establish the stated software contract, not live provider quality or deployed availability.",32b41779fb83d4713afea24240f8900fd5b14055272b0dfd75b89061978bb77e
billing_credit_mismatches,unlabelled tails share coach evidence attention (prepared_budget_contract),Contract violation: unlabelled tails share coach evidence attention,The named actual-code unittest ran under an external network-denial boundary; fixture substitutions are limited to its declared dependencies.,evals/prepared_budget_contract.py:test_unlabelled_tails_share_coach_evidence_attention,executed_contract,verified_free,DEMO-018,8,3,6,144,P1,"Usage, credits or reported costs do not match performed work.","Synthetic fixtures establish the stated software contract, not live provider quality or deployed availability.",ff779b63b104c2f99af6ca63cd2387d9a0e4dddb4a3baaad54690810e641eb7c
unhandled_error_paths,last moment invalidation preserves every publication file (publication_approval_contract),Contract violation: last moment invalidation preserves every publication file,The named actual-code unittest ran under an external network-denial boundary; fixture substitutions are limited to its declared dependencies.,evals/publication_approval_contract.py:test_last_moment_invalidation_preserves_every_publication_file,executed_contract,verified_free,DEMO-019,7,3,5,105,P1,A core action stops or returns a false success.,"Synthetic fixtures establish the stated software contract, not live provider quality or deployed availability.",d4a111fe734d5f186610e421f6bb19e108fee28c15305daa641719d687965406
edge_cases_from_prd,spoken numbers and short sentences retain scope (runtime_conversation_contract),Contract violation: spoken numbers and short sentences retain scope,The named actual-code unittest ran under an external network-denial boundary; fixture substitutions are limited to its declared dependencies.,evals/runtime_conversation_contract.py:test_spoken_numbers_and_short_sentences_retain_scope,executed_contract,verified_free,DEMO-020,7,4,5,140,P1,The product returns an outcome that violates its stated workflow.,"Synthetic fixtures establish the stated software contract, not live provider quality or deployed availability.",774bdecc1dfbd5ceadedecb44a6f22701f472eaa72a46113a7910456eafa9db6
billing_credit_mismatches,expiry retries provider and accepts recovered answer (runtime_credit_cooldown_contract),Contract violation: expiry retries provider and accepts recovered answer,The named actual-code unittest ran under an external network-denial boundary; fixture substitutions are limited to its declared dependencies.,evals/runtime_credit_cooldown_contract.py:test_expiry_retries_provider_and_accepts_recovered_answer,executed_contract,verified_free,DEMO-021,8,3,6,144,P1,"Usage, credits or reported costs do not match performed work.","Synthetic fixtures establish the stated software contract, not live provider quality or deployed availability.",fd7c716d5b9c30318145257ca00ced894c17fac5a422ee8afcbe4a9b9ea024bc
edge_cases_from_prd,exact domain www alias and explicit subdomains (runtime_domain_contract),Contract violation: exact domain www alias and explicit subdomains,The named actual-code unittest ran under an external network-denial boundary; fixture substitutions are limited to its declared dependencies.,evals/runtime_domain_contract.py:test_exact_domain_www_alias_and_explicit_subdomains,executed_contract,verified_free,DEMO-022,7,4,5,140,P1,The product returns an outcome that violates its stated workflow.,"Synthetic fixtures establish the stated software contract, not live provider quality or deployed availability.",e034c3ef40053cb88aee60b96d1fac0ae467bd3ade961e236771ca84713cd5df
edge_cases_from_prd,monthly rate cannot be relabelled annual (runtime_tools_replay_contract),Contract violation: monthly rate cannot be relabelled annual,The named actual-code unittest ran under an external network-denial boundary; fixture substitutions are limited to its declared dependencies.,evals/runtime_tools_replay_contract.py:test_monthly_rate_cannot_be_relabelled_annual,executed_contract,verified_free,DEMO-023,7,4,5,140,P1,The product returns an outcome that violates its stated workflow.,"Synthetic fixtures establish the stated software contract, not live provider quality or deployed availability.",75cbde6b078a28c3f82e666805b04bddab960921e4816730a3114daaaedb83b9
external_dependency_failures,mock fails closed without provider (runtime_web_search_contract),Contract violation: mock fails closed without provider,The named actual-code unittest ran under an external network-denial boundary; fixture substitutions are limited to its declared dependencies.,evals/runtime_web_search_contract.py:test_mock_fails_closed_without_provider,executed_contract,verified_free,DEMO-024,7,4,5,140,P1,Upstream failure leaks into the workflow or causes unsupported fallback.,"Synthetic fixtures establish the stated software contract, not live provider quality or deployed availability.",9b7e746b53b1d4a0bd854f9c060ce1a23db0a0b4190eadb13c78996f31972793
scale_and_load_failures,persisted busy stage rejects before any upload (upload_retry_contract),Contract violation: persisted busy stage rejects before any upload,The named actual-code unittest ran under an external network-denial boundary; fixture substitutions are limited to its declared dependencies.,evals/upload_retry_contract.py:test_persisted_busy_stage_rejects_before_any_upload,executed_contract,verified_free,DEMO-025,7,3,5,105,P1,Concurrent workloads interfere or leave capacity unavailable.,"Synthetic fixtures establish the stated software contract, not live provider quality or deployed availability.",9bd4496ad35ee1b479a98b91feffe448b0bec01e6b898567b7162d7b9e29d9b0
race_conditions_and_state,visit isolation and concurrent binding (portfolio_auth_contract),Contract violation: visit isolation and concurrent binding,The named actual-code unittest ran under an external network-denial boundary; fixture substitutions are limited to its declared dependencies.,evals/portfolio_auth_contract.py:test_visit_isolation_and_concurrent_binding,executed_auth_pg,verified_free,DEMO-026,8,3,6,144,P1,A delayed or concurrent action changes the wrong state.,"Synthetic fixtures establish the stated software contract, not live provider quality or deployed availability.",785166db8cda158e6ef68196a5842f93a3606f05c55fdc02d3c7706ee7a52b7c
retry_idempotency_issues,retry preserves manual and conflict exclusions (fact_retry_contract),Contract violation: retry preserves manual and conflict exclusions,The named actual-code unittest ran under an external network-denial boundary; fixture substitutions are limited to its declared dependencies.,evals/fact_retry_contract.py:test_retry_preserves_manual_and_conflict_exclusions,executed_contract,verified_free,DEMO-027,8,3,5,120,P1,Repeating or resuming an action creates unwanted extra work.,"Synthetic fixtures establish the stated software contract, not live provider quality or deployed availability.",68b201ae3e00e6292655202f8697d66d4e1b4e2f420e4de4f54b2c7c71c2cbdc
data_integrity_partial_writes,quote change versions assertion source revision versions evidence (knowledge_contract),Contract violation: quote change versions assertion source revision versions evidence,The named actual-code unittest ran under an external network-denial boundary; fixture substitutions are limited to its declared dependencies.,evals/knowledge_contract.py:test_quote_change_versions_assertion_source_revision_versions_evidence,executed_contract,verified_free,DEMO-028,8,3,6,144,P1,"Saved source, approval or output no longer matches its authoritative record.","Synthetic fixtures establish the stated software contract, not live provider quality or deployed availability.",9ae4493152699f1ba35e8b10cd67b2fd423713a34ff41126be216f212adf101c
security_access_control,primary failure uses pixelbin binary reference and fixed poll origin (media_provider_contract),Contract violation: primary failure uses pixelbin binary reference and fixed poll origin,The named actual-code unittest ran under an external network-denial boundary; fixture substitutions are limited to its declared dependencies.,evals/media_provider_contract.py:test_primary_failure_uses_pixelbin_binary_reference_and_fixed_poll_origin,executed_contract,verified_free,DEMO-029,9,3,6,162,P1,"Another account, secret or protected resource becomes accessible.","Synthetic fixtures establish the stated software contract, not live provider quality or deployed availability.",c693c8615d57d758130d2a9c436480948624ea20d21b782670f27803726faea7
resource_exhaustion,bmw literal engine answer and prepared limit (portfolio_example_contract),Contract violation: bmw literal engine answer and prepared limit,The named actual-code unittest ran under an external network-denial boundary; fixture substitutions are limited to its declared dependencies.,evals/portfolio_example_contract.py:test_bmw_literal_engine_answer_and_prepared_limit,executed_contract,verified_free,DEMO-030,7,3,5,105,P1,"A request exhausts bounded compute, memory or storage.","Synthetic fixtures establish the stated software contract, not live provider quality or deployed availability.",32b41779fb83d4713afea24240f8900fd5b14055272b0dfd75b89061978bb77e
billing_credit_mismatches,explicit shared ids cannot multiply capacity (prepared_budget_contract),Contract violation: explicit shared ids cannot multiply capacity,The named actual-code unittest ran under an external network-denial boundary; fixture substitutions are limited to its declared dependencies.,evals/prepared_budget_contract.py:test_explicit_shared_ids_cannot_multiply_capacity,executed_contract,verified_free,DEMO-031,8,3,6,144,P1,"Usage, credits or reported costs do not match performed work.","Synthetic fixtures establish the stated software contract, not live provider quality or deployed availability.",ff779b63b104c2f99af6ca63cd2387d9a0e4dddb4a3baaad54690810e641eb7c
edge_cases_from_prd,bundle node treats review pause as pending not failed (publication_approval_contract),Contract violation: bundle node treats review pause as pending not failed,The named actual-code unittest ran under an external network-denial boundary; fixture substitutions are limited to its declared dependencies.,evals/publication_approval_contract.py:test_bundle_node_treats_review_pause_as_pending_not_failed,executed_contract,verified_free,DEMO-032,7,4,5,140,P1,The product returns an outcome that violates its stated workflow.,"Synthetic fixtures establish the stated software contract, not live provider quality or deployed availability.",d4a111fe734d5f186610e421f6bb19e108fee28c15305daa641719d687965406
edge_cases_from_prd,conversational preface cannot invent customer context or benefits (runtime_conversation_contract),Contract violation: conversational preface cannot invent customer context or benefits,The named actual-code unittest ran under an external network-denial boundary; fixture substitutions are limited to its declared dependencies.,evals/runtime_conversation_contract.py:test_conversational_preface_cannot_invent_customer_context_or_benefits,executed_contract,verified_free,DEMO-033,7,4,5,140,P1,The product returns an outcome that violates its stated workflow.,"Synthetic fixtures establish the stated software contract, not live provider quality or deployed availability.",774bdecc1dfbd5ceadedecb44a6f22701f472eaa72a46113a7910456eafa9db6
billing_credit_mismatches,timeouts 429 other 400 and opaque messages do not start cooldown (runtime_credit_cooldown_contract),Contract violation: timeouts 429 other 400 and opaque messages do not start cooldown,The named actual-code unittest ran under an external network-denial boundary; fixture substitutions are limited to its declared dependencies.,evals/runtime_credit_cooldown_contract.py:test_timeouts_429_other_400_and_opaque_messages_do_not_start_cooldown,executed_contract,verified_free,DEMO-034,8,3,6,144,P1,"Usage, credits or reported costs do not match performed work.","Synthetic fixtures establish the stated software contract, not live provider quality or deployed availability.",fd7c716d5b9c30318145257ca00ced894c17fac5a422ee8afcbe4a9b9ea024bc
security_access_control,invalid credentials and non http never authorized (runtime_domain_contract),Contract violation: invalid credentials and non http never authorized,The named actual-code unittest ran under an external network-denial boundary; fixture substitutions are limited to its declared dependencies.,evals/runtime_domain_contract.py:test_invalid_credentials_and_non_http_never_authorized,executed_contract,verified_free,DEMO-035,9,3,6,162,P1,"Another account, secret or protected resource becomes accessible.","Synthetic fixtures establish the stated software contract, not live provider quality or deployed availability.",e034c3ef40053cb88aee60b96d1fac0ae467bd3ade961e236771ca84713cd5df
edge_cases_from_prd,annual rate cannot be relabelled monthly (runtime_tools_replay_contract),Contract violation: annual rate cannot be relabelled monthly,The named actual-code unittest ran under an external network-denial boundary; fixture substitutions are limited to its declared dependencies.,evals/runtime_tools_replay_contract.py:test_annual_rate_cannot_be_relabelled_monthly,executed_contract,verified_free,DEMO-036,7,4,5,140,P1,The product returns an outcome that violates its stated workflow.,"Synthetic fixtures establish the stated software contract, not live provider quality or deployed availability.",75cbde6b078a28c3f82e666805b04bddab960921e4816730a3114daaaedb83b9
external_dependency_failures,fetched sections only are evidence and keep citations (runtime_web_search_contract),Contract violation: fetched sections only are evidence and keep citations,The named actual-code unittest ran under an external network-denial boundary; fixture substitutions are limited to its declared dependencies.,evals/runtime_web_search_contract.py:test_fetched_sections_only_are_evidence_and_keep_citations,executed_contract,verified_free,DEMO-037,7,4,5,140,P1,Upstream failure leaks into the workflow or causes unsupported fallback.,"Synthetic fixtures establish the stated software contract, not live provider quality or deployed availability.",9b7e746b53b1d4a0bd854f9c060ce1a23db0a0b4190eadb13c78996f31972793
retry_idempotency_issues,partial multifile failure retry reuses first source (upload_retry_contract),Contract violation: partial multifile failure retry reuses first source,The named actual-code unittest ran under an external network-denial boundary; fixture substitutions are limited to its declared dependencies.,evals/upload_retry_contract.py:test_partial_multifile_failure_retry_reuses_first_source,executed_contract,verified_free,DEMO-038,8,3,5,120,P1,Repeating or resuming an action creates unwanted extra work.,"Synthetic fixtures establish the stated software contract, not live provider quality or deployed availability.",9bd4496ad35ee1b479a98b91feffe448b0bec01e6b898567b7162d7b9e29d9b0
security_access_control,media publication and private audio (portfolio_auth_contract),Contract violation: media publication and private audio,The named actual-code unittest ran under an external network-denial boundary; fixture substitutions are limited to its declared dependencies.,evals/portfolio_auth_contract.py:test_media_publication_and_private_audio,executed_auth_pg,verified_free,DEMO-039,9,3,6,162,P1,"Another account, secret or protected resource becomes accessible.","Synthetic fixtures establish the stated software contract, not live provider quality or deployed availability.",785166db8cda158e6ef68196a5842f93a3606f05c55fdc02d3c7706ee7a52b7c
security_access_control,bulk restore is explicit owner override not machine verification (fact_retry_contract),Contract violation: bulk restore is explicit owner override not machine verification,The named actual-code unittest ran under an external network-denial boundary; fixture substitutions are limited to its declared dependencies.,evals/fact_retry_contract.py:test_bulk_restore_is_explicit_owner_override_not_machine_verification,executed_contract,verified_free,DEMO-040,9,3,6,162,P1,"Another account, secret or protected resource becomes accessible.","Synthetic fixtures establish the stated software contract, not live provider quality or deployed availability.",68b201ae3e00e6292655202f8697d66d4e1b4e2f420e4de4f54b2c7c71c2cbdc
data_integrity_partial_writes,document wins only true same scope conflict (knowledge_contract),Contract violation: document wins only true same scope conflict,The named actual-code unittest ran under an external network-denial boundary; fixture substitutions are limited to its declared dependencies.,evals/knowledge_contract.py:test_document_wins_only_true_same_scope_conflict,executed_contract,verified_free,DEMO-041,8,3,6,144,P1,"Saved source, approval or output no longer matches its authoritative record.","Synthetic fixtures establish the stated software contract, not live provider quality or deployed availability.",9ae4493152699f1ba35e8b10cd67b2fd423713a34ff41126be216f212adf101c
external_dependency_failures,safety refusal does not try another provider (media_provider_contract),Contract violation: safety refusal does not try another provider,The named actual-code unittest ran under an external network-denial boundary; fixture substitutions are limited to its declared dependencies.,evals/media_provider_contract.py:test_safety_refusal_does_not_try_another_provider,executed_contract,verified_free,DEMO-042,7,4,5,140,P1,Upstream failure leaks into the workflow or causes unsupported fallback.,"Synthetic fixtures establish the stated software contract, not live provider quality or deployed availability.",c693c8615d57d758130d2a9c436480948624ea20d21b782670f27803726faea7
security_access_control,exact authored audio and generic recap (portfolio_example_contract),Contract violation: exact authored audio and generic recap,The named actual-code unittest ran under an external network-denial boundary; fixture substitutions are limited to its declared dependencies.,evals/portfolio_example_contract.py:test_exact_authored_audio_and_generic_recap,executed_contract,verified_free,DEMO-043,9,3,6,162,P1,"Another account, secret or protected resource becomes accessible.","Synthetic fixtures establish the stated software contract, not live provider quality or deployed availability.",32b41779fb83d4713afea24240f8900fd5b14055272b0dfd75b89061978bb77e
billing_credit_mismatches,repeat preparation preserves exact goals and budgets (prepared_budget_contract),Contract violation: repeat preparation preserves exact goals and budgets,The named actual-code unittest ran under an external network-denial boundary; fixture substitutions are limited to its declared dependencies.,evals/prepared_budget_contract.py:test_repeat_preparation_preserves_exact_goals_and_budgets,executed_contract,verified_free,DEMO-044,8,3,6,144,P1,"Usage, credits or reported costs do not match performed work.","Synthetic fixtures establish the stated software contract, not live provider quality or deployed availability.",ff779b63b104c2f99af6ca63cd2387d9a0e4dddb4a3baaad54690810e641eb7c
edge_cases_from_prd,all six cards are required at final boundary (publication_approval_contract),Contract violation: all six cards are required at final boundary,The named actual-code unittest ran under an external network-denial boundary; fixture substitutions are limited to its declared dependencies.,evals/publication_approval_contract.py:test_all_six_cards_are_required_at_final_boundary,executed_contract,verified_free,DEMO-045,7,4,5,140,P1,The product returns an outcome that violates its stated workflow.,"Synthetic fixtures establish the stated software contract, not live provider quality or deployed availability.",d4a111fe734d5f186610e421f6bb19e108fee28c15305daa641719d687965406
config_feature_flag_drift,old decisions keep optional defaults (runtime_conversation_contract),Contract violation: old decisions keep optional defaults,The named actual-code unittest ran under an external network-denial boundary; fixture substitutions are limited to its declared dependencies.,evals/runtime_conversation_contract.py:test_old_decisions_keep_optional_defaults,executed_contract,verified_free,DEMO-046,8,3,5,120,P1,Deployment or feature settings violate the intended execution boundary.,"Synthetic fixtures establish the stated software contract, not live provider quality or deployed availability.",774bdecc1dfbd5ceadedecb44a6f22701f472eaa72a46113a7910456eafa9db6
billing_credit_mismatches,effective key change bypasses stale cooldown but unused config change does not (runtime_credit_cooldown_contract),Contract violation: effective key change bypasses stale cooldown but unused config change does not,The named actual-code unittest ran under an external network-denial boundary; fixture substitutions are limited to its declared dependencies.,evals/runtime_credit_cooldown_contract.py:test_effective_key_change_bypasses_stale_cooldown_but_unused_config_change_does_not,executed_contract,verified_free,DEMO-047,8,3,6,144,P1,"Usage, credits or reported costs do not match performed work.","Synthetic fixtures establish the stated software contract, not live provider quality or deployed availability.",fd7c716d5b9c30318145257ca00ced894c17fac5a422ee8afcbe4a9b9ea024bc
security_access_control,direct lookup cannot gain permission from customer context (runtime_domain_contract),Contract violation: direct lookup cannot gain permission from customer context,The named actual-code unittest ran under an external network-denial boundary; fixture substitutions are limited to its declared dependencies.,evals/runtime_domain_contract.py:test_direct_lookup_cannot_gain_permission_from_customer_context,executed_contract,verified_free,DEMO-048,9,3,6,162,P1,"Another account, secret or protected resource becomes accessible.","Synthetic fixtures establish the stated software contract, not live provider quality or deployed availability.",e034c3ef40053cb88aee60b96d1fac0ae467bd3ade961e236771ca84713cd5df
edge_cases_from_prd,two competing rate bases are not silently chosen (runtime_tools_replay_contract),Contract violation: two competing rate bases are not silently chosen,The named actual-code unittest ran under an external network-denial boundary; fixture substitutions are limited to its declared dependencies.,evals/runtime_tools_replay_contract.py:test_two_competing_rate_bases_are_not_silently_chosen,executed_contract,verified_free,DEMO-049,7,4,5,140,P1,The product returns an outcome that violates its stated workflow.,"Synthetic fixtures establish the stated software contract, not live provider quality or deployed availability.",75cbde6b078a28c3f82e666805b04bddab960921e4816730a3114daaaedb83b9
resource_exhaustion,max two unique fetches and existing size limit (runtime_web_search_contract),Contract violation: max two unique fetches and existing size limit,The named actual-code unittest ran under an external network-denial boundary; fixture substitutions are limited to its declared dependencies.,evals/runtime_web_search_contract.py:test_max_two_unique_fetches_and_existing_size_limit,executed_contract,verified_free,DEMO-050,7,3,5,105,P1,"A request exhausts bounded compute, memory or storage.","Synthetic fixtures establish the stated software contract, not live provider quality or deployed availability.",9b7e746b53b1d4a0bd854f9c060ce1a23db0a0b4190eadb13c78996f31972793
retry_idempotency_issues,provider failure retry keeps existing identity and bytes (upload_retry_contract),Contract violation: provider failure retry keeps existing identity and bytes,The named actual-code unittest ran under an external network-denial boundary; fixture substitutions are limited to its declared dependencies.,evals/upload_retry_contract.py:test_provider_failure_retry_keeps_existing_identity_and_bytes,executed_contract,verified_free,DEMO-051,8,3,5,120,P1,Repeating or resuming an action creates unwanted extra work.,"Synthetic fixtures establish the stated software contract, not live provider quality or deployed availability.",9bd4496ad35ee1b479a98b91feffe448b0bec01e6b898567b7162d7b9e29d9b0
security_access_control,job scope rechecks owner and absence (portfolio_auth_contract),Contract violation: job scope rechecks owner and absence,The named actual-code unittest ran under an external network-denial boundary; fixture substitutions are limited to its declared dependencies.,evals/portfolio_auth_contract.py:test_job_scope_rechecks_owner_and_absence,executed_auth_pg,verified_free,DEMO-052,9,3,6,162,P1,"Another account, secret or protected resource becomes accessible.","Synthetic fixtures establish the stated software contract, not live provider quality or deployed availability.",785166db8cda158e6ef68196a5842f93a3606f05c55fdc02d3c7706ee7a52b7c
config_feature_flag_drift,open conflict members are skipped even without per fact flag (fact_retry_contract),Contract violation: open conflict members are skipped even without per fact flag,The named actual-code unittest ran under an external network-denial boundary; fixture substitutions are limited to its declared dependencies.,evals/fact_retry_contract.py:test_open_conflict_members_are_skipped_even_without_per_fact_flag,executed_contract,verified_free,DEMO-053,8,3,5,120,P1,Deployment or feature settings violate the intended execution boundary.,"Synthetic fixtures establish the stated software contract, not live provider quality or deployed availability.",68b201ae3e00e6292655202f8697d66d4e1b4e2f420e4de4f54b2c7c71c2cbdc
data_integrity_partial_writes,missing scope does not trigger precedence (knowledge_contract),Contract violation: missing scope does not trigger precedence,The named actual-code unittest ran under an external network-denial boundary; fixture substitutions are limited to its declared dependencies.,evals/knowledge_contract.py:test_missing_scope_does_not_trigger_precedence,executed_contract,verified_free,DEMO-054,8,3,6,144,P1,"Saved source, approval or output no longer matches its authoritative record.","Synthetic fixtures establish the stated software contract, not live provider quality or deployed availability.",9ae4493152699f1ba35e8b10cd67b2fd423713a34ff41126be216f212adf101c
security_access_control,http safety refusal is terminal and redacted (media_provider_contract),Contract violation: http safety refusal is terminal and redacted,The named actual-code unittest ran under an external network-denial boundary; fixture substitutions are limited to its declared dependencies.,evals/media_provider_contract.py:test_http_safety_refusal_is_terminal_and_redacted,executed_contract,verified_free,DEMO-055,9,3,6,162,P1,"Another account, secret or protected resource becomes accessible.","Synthetic fixtures establish the stated software contract, not live provider quality or deployed availability.",c693c8615d57d758130d2a9c436480948624ea20d21b782670f27803726faea7
edge_cases_from_prd,caller cannot remove server policy (portfolio_example_contract),Contract violation: caller cannot remove server policy,The named actual-code unittest ran under an external network-denial boundary; fixture substitutions are limited to its declared dependencies.,evals/portfolio_example_contract.py:test_caller_cannot_remove_server_policy,executed_contract,verified_free,DEMO-056,7,4,5,140,P1,The product returns an outcome that violates its stated workflow.,"Synthetic fixtures establish the stated software contract, not live provider quality or deployed availability.",32b41779fb83d4713afea24240f8900fd5b14055272b0dfd75b89061978bb77e
billing_credit_mismatches,story ids facts order and conditions are unchanged (prepared_budget_contract),Contract violation: story ids facts order and conditions are unchanged,The named actual-code unittest ran under an external network-denial boundary; fixture substitutions are limited to its declared dependencies.,evals/prepared_budget_contract.py:test_story_ids_facts_order_and_conditions_are_unchanged,executed_contract,verified_free,DEMO-057,8,3,6,144,P1,"Usage, credits or reported costs do not match performed work.","Synthetic fixtures establish the stated software contract, not live provider quality or deployed availability.",ff779b63b104c2f99af6ca63cd2387d9a0e4dddb4a3baaad54690810e641eb7c
edge_cases_from_prd,live writer waits until approved bundle has been published (publication_approval_contract),Contract violation: live writer waits until approved bundle has been published,The named actual-code unittest ran under an external network-denial boundary; fixture substitutions are limited to its declared dependencies.,evals/publication_approval_contract.py:test_live_writer_waits_until_approved_bundle_has_been_published,executed_contract,verified_free,DEMO-058,7,4,5,140,P1,The product returns an outcome that violates its stated workflow.,"Synthetic fixtures establish the stated software contract, not live provider quality or deployed availability.",d4a111fe734d5f186610e421f6bb19e108fee28c15305daa641719d687965406
scale_and_load_failures,schema cannot carry free form act payload (runtime_conversation_contract),Contract violation: schema cannot carry free form act payload,The named actual-code unittest ran under an external network-denial boundary; fixture substitutions are limited to its declared dependencies.,evals/runtime_conversation_contract.py:test_schema_cannot_carry_free_form_act_payload,executed_contract,verified_free,DEMO-059,7,3,5,105,P1,Concurrent workloads interfere or leave capacity unavailable.,"Synthetic fixtures establish the stated software contract, not live provider quality or deployed availability.",774bdecc1dfbd5ceadedecb44a6f22701f472eaa72a46113a7910456eafa9db6
billing_credit_mismatches,model or effective endpoint change does not reuse cooldown (runtime_credit_cooldown_contract),Contract violation: model or effective endpoint change does not reuse cooldown,The named actual-code unittest ran under an external network-denial boundary; fixture substitutions are limited to its declared dependencies.,evals/runtime_credit_cooldown_contract.py:test_model_or_effective_endpoint_change_does_not_reuse_cooldown,executed_contract,verified_free,DEMO-060,8,3,6,144,P1,"Usage, credits or reported costs do not match performed work.","Synthetic fixtures establish the stated software contract, not live provider quality or deployed availability.",fd7c716d5b9c30318145257ca00ced894c17fac5a422ee8afcbe4a9b9ea024bc
edge_cases_from_prd,allowed domain can check relevant page outside seed subtree (runtime_domain_contract),Contract violation: allowed domain can check relevant page outside seed subtree,The named actual-code unittest ran under an external network-denial boundary; fixture substitutions are limited to its declared dependencies.,evals/runtime_domain_contract.py:test_allowed_domain_can_check_relevant_page_outside_seed_subtree,executed_contract,verified_free,DEMO-061,7,4,5,140,P1,The product returns an outcome that violates its stated workflow.,"Synthetic fixtures establish the stated software contract, not live provider quality or deployed availability.",e034c3ef40053cb88aee60b96d1fac0ae467bd3ade961e236771ca84713cd5df
edge_cases_from_prd,live lookup stays with selected model and market (runtime_tools_replay_contract),Contract violation: live lookup stays with selected model and market,The named actual-code unittest ran under an external network-denial boundary; fixture substitutions are limited to its declared dependencies.,evals/runtime_tools_replay_contract.py:test_live_lookup_stays_with_selected_model_and_market,executed_contract,verified_free,DEMO-062,7,4,5,140,P1,The product returns an outcome that violates its stated workflow.,"Synthetic fixtures establish the stated software contract, not live provider quality or deployed availability.",75cbde6b078a28c3f82e666805b04bddab960921e4816730a3114daaaedb83b9
external_dependency_failures,no cited sources does not fetch or use search prose (runtime_web_search_contract),Contract violation: no cited sources does not fetch or use search prose,The named actual-code unittest ran under an external network-denial boundary; fixture substitutions are limited to its declared dependencies.,evals/runtime_web_search_contract.py:test_no_cited_sources_does_not_fetch_or_use_search_prose,executed_contract,verified_free,DEMO-063,7,4,5,140,P1,Upstream failure leaks into the workflow or causes unsupported fallback.,"Synthetic fixtures establish the stated software contract, not live provider quality or deployed availability.",9b7e746b53b1d4a0bd854f9c060ce1a23db0a0b4190eadb13c78996f31972793
external_dependency_failures,timeout never rolls back source a worker may use (upload_retry_contract),Contract violation: timeout never rolls back source a worker may use,The named actual-code unittest ran under an external network-denial boundary; fixture substitutions are limited to its declared dependencies.,evals/upload_retry_contract.py:test_timeout_never_rolls_back_source_a_worker_may_use,executed_contract,verified_free,DEMO-064,7,4,5,140,P1,Upstream failure leaks into the workflow or causes unsupported fallback.,"Synthetic fixtures establish the stated software contract, not live provider quality or deployed availability.",9bd4496ad35ee1b479a98b91feffe448b0bec01e6b898567b7162d7b9e29d9b0
billing_credit_mismatches,websocket visit pin and cost budget precede model (portfolio_auth_contract),Contract violation: websocket visit pin and cost budget precede model,The named actual-code unittest ran under an external network-denial boundary; fixture substitutions are limited to its declared dependencies.,evals/portfolio_auth_contract.py:test_websocket_visit_pin_and_cost_budget_precede_model,executed_auth_pg,verified_free,DEMO-065,8,3,6,144,P1,"Usage, credits or reported costs do not match performed work.","Synthetic fixtures establish the stated software contract, not live provider quality or deployed availability.",785166db8cda158e6ef68196a5842f93a3606f05c55fdc02d3c7706ee7a52b7c
retry_idempotency_issues,retry never uses another source revision or cached fetch (fact_retry_contract),Contract violation: retry never uses another source revision or cached fetch,The named actual-code unittest ran under an external network-denial boundary; fixture substitutions are limited to its declared dependencies.,evals/fact_retry_contract.py:test_retry_never_uses_another_source_revision_or_cached_fetch,executed_contract,verified_free,DEMO-066,8,3,5,120,P1,Repeating or resuming an action creates unwanted extra work.,"Synthetic fixtures establish the stated software contract, not live provider quality or deployed availability.",68b201ae3e00e6292655202f8697d66d4e1b4e2f420e4de4f54b2c7c71c2cbdc
scale_and_load_failures,two documents require review download is not upload (knowledge_contract),Contract violation: two documents require review download is not upload,The named actual-code unittest ran under an external network-denial boundary; fixture substitutions are limited to its declared dependencies.,evals/knowledge_contract.py:test_two_documents_require_review_download_is_not_upload,executed_contract,verified_free,DEMO-067,7,3,5,105,P1,Concurrent workloads interfere or leave capacity unavailable.,"Synthetic fixtures establish the stated software contract, not live provider quality or deployed availability.",9ae4493152699f1ba35e8b10cd67b2fd423713a34ff41126be216f212adf101c
external_dependency_failures,unclassified bad request cannot bypass refusal (media_provider_contract),Contract violation: unclassified bad request cannot bypass refusal,The named actual-code unittest ran under an external network-denial boundary; fixture substitutions are limited to its declared dependencies.,evals/media_provider_contract.py:test_unclassified_bad_request_cannot_bypass_refusal,executed_contract,verified_free,DEMO-068,7,4,5,140,P1,Upstream failure leaks into the workflow or causes unsupported fallback.,"Synthetic fixtures establish the stated software contract, not live provider quality or deployed availability.",c693c8615d57d758130d2a9c436480948624ea20d21b782670f27803726faea7
billing_credit_mismatches,empty evidence has zero capacity and explicit infeasibility (prepared_budget_contract),Contract violation: empty evidence has zero capacity and explicit infeasibility,The named actual-code unittest ran under an external network-denial boundary; fixture substitutions are limited to its declared dependencies.,evals/prepared_budget_contract.py:test_empty_evidence_has_zero_capacity_and_explicit_infeasibility,executed_contract,verified_free,DEMO-069,8,3,6,144,P1,"Usage, credits or reported costs do not match performed work.","Synthetic fixtures establish the stated software contract, not live provider quality or deployed availability.",ff779b63b104c2f99af6ca63cd2387d9a0e4dddb4a3baaad54690810e641eb7c
observability_gaps,approved bundle progress can reenter the metadata lock (publication_approval_contract),Contract violation: approved bundle progress can reenter the metadata lock,The named actual-code unittest ran under an external network-denial boundary; fixture substitutions are limited to its declared dependencies.,evals/publication_approval_contract.py:test_approved_bundle_progress_can_reenter_the_metadata_lock,executed_contract,verified_free,DEMO-070,6,4,6,144,P1,"The operator or user cannot distinguish failure, partial evidence and success.","Synthetic fixtures establish the stated software contract, not live provider quality or deployed availability.",d4a111fe734d5f186610e421f6bb19e108fee28c15305daa641719d687965406
edge_cases_from_prd,missing rate and tenure are real wait not rejected text (runtime_conversation_contract),Contract violation: missing rate and tenure are real wait not rejected text,The named actual-code unittest ran under an external network-denial boundary; fixture substitutions are limited to its declared dependencies.,evals/runtime_conversation_contract.py:test_missing_rate_and_tenure_are_real_wait_not_rejected_text,executed_contract,verified_free,DEMO-071,7,4,5,140,P1,The product returns an outcome that violates its stated workflow.,"Synthetic fixtures establish the stated software contract, not live provider quality or deployed availability.",774bdecc1dfbd5ceadedecb44a6f22701f472eaa72a46113a7910456eafa9db6
billing_credit_mismatches,cold configuration identity matches the created effective client (runtime_credit_cooldown_contract),Contract violation: cold configuration identity matches the created effective client,The named actual-code unittest ran under an external network-denial boundary; fixture substitutions are limited to its declared dependencies.,evals/runtime_credit_cooldown_contract.py:test_cold_configuration_identity_matches_the_created_effective_client,executed_contract,verified_free,DEMO-072,8,3,6,144,P1,"Usage, credits or reported costs do not match performed work.","Synthetic fixtures establish the stated software contract, not live provider quality or deployed availability.",fd7c716d5b9c30318145257ca00ced894c17fac5a422ee8afcbe4a9b9ea024bc
security_access_control,generic owner homepage follows relevant links only on its domain (runtime_domain_contract),Contract violation: generic owner homepage follows relevant links only on its domain,The named actual-code unittest ran under an external network-denial boundary; fixture substitutions are limited to its declared dependencies.,evals/runtime_domain_contract.py:test_generic_owner_homepage_follows_relevant_links_only_on_its_domain,executed_contract,verified_free,DEMO-073,9,3,6,162,P1,"Another account, secret or protected resource becomes accessible.","Synthetic fixtures establish the stated software contract, not live provider quality or deployed availability.",e034c3ef40053cb88aee60b96d1fac0ae467bd3ade961e236771ca84713cd5df
edge_cases_from_prd,model wide price lookup cannot choose a city from menu or model query (runtime_tools_replay_contract),Contract violation: model wide price lookup cannot choose a city from menu or model query,The named actual-code unittest ran under an external network-denial boundary; fixture substitutions are limited to its declared dependencies.,evals/runtime_tools_replay_contract.py:test_model_wide_price_lookup_cannot_choose_a_city_from_menu_or_model_query,executed_contract,verified_free,DEMO-074,7,4,5,140,P1,The product returns an outcome that violates its stated workflow.,"Synthetic fixtures establish the stated software contract, not live provider quality or deployed availability.",75cbde6b078a28c3f82e666805b04bddab960921e4816730a3114daaaedb83b9
edge_cases_from_prd,question only and unrelated sections cannot answer (runtime_web_search_contract),Contract violation: question only and unrelated sections cannot answer,The named actual-code unittest ran under an external network-denial boundary; fixture substitutions are limited to its declared dependencies.,evals/runtime_web_search_contract.py:test_question_only_and_unrelated_sections_cannot_answer,executed_contract,verified_free,DEMO-075,7,4,5,140,P1,The product returns an outcome that violates its stated workflow.,"Synthetic fixtures establish the stated software contract, not live provider quality or deployed availability.",9b7e746b53b1d4a0bd854f9c060ce1a23db0a0b4190eadb13c78996f31972793
edge_cases_from_prd,same name and size different content never reused (upload_retry_contract),Contract violation: same name and size different content never reused,The named actual-code unittest ran under an external network-denial boundary; fixture substitutions are limited to its declared dependencies.,evals/upload_retry_contract.py:test_same_name_and_size_different_content_never_reused,executed_contract,verified_free,DEMO-076,7,4,5,140,P1,The product returns an outcome that violates its stated workflow.,"Synthetic fixtures establish the stated software contract, not live provider quality or deployed availability.",9bd4496ad35ee1b479a98b91feffe448b0bec01e6b898567b7162d7b9e29d9b0
external_dependency_failures,cached examples reject live provider transports (portfolio_auth_contract),Contract violation: cached examples reject live provider transports,The named actual-code unittest ran under an external network-denial boundary; fixture substitutions are limited to its declared dependencies.,evals/portfolio_auth_contract.py:test_cached_examples_reject_live_provider_transports,executed_auth_pg,verified_free,DEMO-077,7,4,5,140,P1,Upstream failure leaks into the workflow or causes unsupported fallback.,"Synthetic fixtures establish the stated software contract, not live provider quality or deployed availability.",785166db8cda158e6ef68196a5842f93a3606f05c55fdc02d3c7706ee7a52b7c
data_integrity_partial_writes,missing locator or quote cannot be retried into a fact (fact_retry_contract),Contract violation: missing locator or quote cannot be retried into a fact,The named actual-code unittest ran under an external network-denial boundary; fixture substitutions are limited to its declared dependencies.,evals/fact_retry_contract.py:test_missing_locator_or_quote_cannot_be_retried_into_a_fact,executed_contract,verified_free,DEMO-078,8,3,6,144,P1,"Saved source, approval or output no longer matches its authoritative record.","Synthetic fixtures establish the stated software contract, not live provider quality or deployed availability.",68b201ae3e00e6292655202f8697d66d4e1b4e2f420e4de4f54b2c7c71c2cbdc
data_integrity_partial_writes,compound engine displacement conflict holds unreviewed values (knowledge_contract),Contract violation: compound engine displacement conflict holds unreviewed values,The named actual-code unittest ran under an external network-denial boundary; fixture substitutions are limited to its declared dependencies.,evals/knowledge_contract.py:test_compound_engine_displacement_conflict_holds_unreviewed_values,executed_contract,verified_free,DEMO-079,8,3,6,144,P1,"Saved source, approval or output no longer matches its authoritative record.","Synthetic fixtures establish the stated software contract, not live provider quality or deployed availability.",9ae4493152699f1ba35e8b10cd67b2fd423713a34ff41126be216f212adf101c
security_access_control,authenticated redirect is not followed (media_provider_contract),Contract violation: authenticated redirect is not followed,The named actual-code unittest ran under an external network-denial boundary; fixture substitutions are limited to its declared dependencies.,evals/media_provider_contract.py:test_authenticated_redirect_is_not_followed,executed_contract,verified_free,DEMO-080,9,3,6,162,P1,"Another account, secret or protected resource becomes accessible.","Synthetic fixtures establish the stated software contract, not live provider quality or deployed availability.",c693c8615d57d758130d2a9c436480948624ea20d21b782670f27803726faea7
billing_credit_mismatches,thin compact lead cannot fake three batches (prepared_budget_contract),Contract violation: thin compact lead cannot fake three batches,The named actual-code unittest ran under an external network-denial boundary; fixture substitutions are limited to its declared dependencies.,evals/prepared_budget_contract.py:test_thin_compact_lead_cannot_fake_three_batches,executed_contract,verified_free,DEMO-081,8,3,6,144,P1,"Usage, credits or reported costs do not match performed work.","Synthetic fixtures establish the stated software contract, not live provider quality or deployed availability.",ff779b63b104c2f99af6ca63cd2387d9a0e4dddb4a3baaad54690810e641eb7c
edge_cases_from_prd,actual graph stops at review after learning during recording (publication_approval_contract),Contract violation: actual graph stops at review after learning during recording,The named actual-code unittest ran under an external network-denial boundary; fixture substitutions are limited to its declared dependencies.,evals/publication_approval_contract.py:test_actual_graph_stops_at_review_after_learning_during_recording,executed_contract,verified_free,DEMO-082,7,4,5,140,P1,The product returns an outcome that violates its stated workflow.,"Synthetic fixtures establish the stated software contract, not live provider quality or deployed availability.",d4a111fe734d5f186610e421f6bb19e108fee28c15305daa641719d687965406
retry_idempotency_issues,missing fuel inputs do not repeat known distance (runtime_conversation_contract),Contract violation: missing fuel inputs do not repeat known distance,The named actual-code unittest ran under an external network-denial boundary; fixture substitutions are limited to its declared dependencies.,evals/runtime_conversation_contract.py:test_missing_fuel_inputs_do_not_repeat_known_distance,executed_contract,verified_free,DEMO-083,8,3,5,120,P1,Repeating or resuming an action creates unwanted extra work.,"Synthetic fixtures establish the stated software contract, not live provider quality or deployed availability.",774bdecc1dfbd5ceadedecb44a6f22701f472eaa72a46113a7910456eafa9db6
billing_credit_mismatches,success and failure share original deadline when provider is skipped (runtime_credit_cooldown_contract),Contract violation: success and failure share original deadline when provider is skipped,The named actual-code unittest ran under an external network-denial boundary; fixture substitutions are limited to its declared dependencies.,evals/runtime_credit_cooldown_contract.py:test_success_and_failure_share_original_deadline_when_provider_is_skipped,executed_contract,verified_free,DEMO-084,8,3,6,144,P1,"Usage, credits or reported costs do not match performed work.","Synthetic fixtures establish the stated software contract, not live provider quality or deployed availability.",fd7c716d5b9c30318145257ca00ced894c17fac5a422ee8afcbe4a9b9ea024bc
external_dependency_failures,search filters discovery before fetch and cites fetched page (runtime_domain_contract),Contract violation: search filters discovery before fetch and cites fetched page,The named actual-code unittest ran under an external network-denial boundary; fixture substitutions are limited to its declared dependencies.,evals/runtime_domain_contract.py:test_search_filters_discovery_before_fetch_and_cites_fetched_page,executed_contract,verified_free,DEMO-085,7,4,5,140,P1,Upstream failure leaks into the workflow or causes unsupported fallback.,"Synthetic fixtures establish the stated software contract, not live provider quality or deployed availability.",e034c3ef40053cb88aee60b96d1fac0ae467bd3ade961e236771ca84713cd5df
edge_cases_from_prd,customer named city keeps its page and excludes other cities (runtime_tools_replay_contract),Contract violation: customer named city keeps its page and excludes other cities,The named actual-code unittest ran under an external network-denial boundary; fixture substitutions are limited to its declared dependencies.,evals/runtime_tools_replay_contract.py:test_customer_named_city_keeps_its_page_and_excludes_other_cities,executed_contract,verified_free,DEMO-086,7,4,5,140,P1,The product returns an outcome that violates its stated workflow.,"Synthetic fixtures establish the stated software contract, not live provider quality or deployed availability.",75cbde6b078a28c3f82e666805b04bddab960921e4816730a3114daaaedb83b9
edge_cases_from_prd,table headers footnotes are preserved whole (runtime_web_search_contract),Contract violation: table headers footnotes are preserved whole,The named actual-code unittest ran under an external network-denial boundary; fixture substitutions are limited to its declared dependencies.,evals/runtime_web_search_contract.py:test_table_headers_footnotes_are_preserved_whole,executed_contract,verified_free,DEMO-087,7,4,5,140,P1,The product returns an outcome that violates its stated workflow.,"Synthetic fixtures establish the stated software contract, not live provider quality or deployed availability.",9b7e746b53b1d4a0bd854f9c060ce1a23db0a0b4190eadb13c78996f31972793
edge_cases_from_prd,different name or role never reused (upload_retry_contract),Contract violation: different name or role never reused,The named actual-code unittest ran under an external network-denial boundary; fixture substitutions are limited to its declared dependencies.,evals/upload_retry_contract.py:test_different_name_or_role_never_reused,executed_contract,verified_free,DEMO-088,7,4,5,140,P1,The product returns an outcome that violates its stated workflow.,"Synthetic fixtures establish the stated software contract, not live provider quality or deployed availability.",9bd4496ad35ee1b479a98b91feffe448b0bec01e6b898567b7162d7b9e29d9b0
billing_credit_mismatches,owner budget is independent of peer (portfolio_auth_contract),Contract violation: owner budget is independent of peer,The named actual-code unittest ran under an external network-denial boundary; fixture substitutions are limited to its declared dependencies.,evals/portfolio_auth_contract.py:test_owner_budget_is_independent_of_peer,executed_auth_pg,verified_free,DEMO-089,8,3,6,144,P1,"Usage, credits or reported costs do not match performed work.","Synthetic fixtures establish the stated software contract, not live provider quality or deployed availability.",785166db8cda158e6ef68196a5842f93a3606f05c55fdc02d3c7706ee7a52b7c
retry_idempotency_issues,retry is bounded and can observe a completed retained source write (fact_retry_contract),Contract violation: retry is bounded and can observe a completed retained source write,The named actual-code unittest ran under an external network-denial boundary; fixture substitutions are limited to its declared dependencies.,evals/fact_retry_contract.py:test_retry_is_bounded_and_can_observe_a_completed_retained_source_write,executed_contract,verified_free,DEMO-090,8,3,5,120,P1,Repeating or resuming an action creates unwanted extra work.,"Synthetic fixtures establish the stated software contract, not live provider quality or deployed availability.",68b201ae3e00e6292655202f8697d66d4e1b4e2f420e4de4f54b2c7c71c2cbdc
data_integrity_partial_writes,reviewed displacement stays preferred and ids survive reread (knowledge_contract),Contract violation: reviewed displacement stays preferred and ids survive reread,The named actual-code unittest ran under an external network-denial boundary; fixture substitutions are limited to its declared dependencies.,evals/knowledge_contract.py:test_reviewed_displacement_stays_preferred_and_ids_survive_reread,executed_contract,verified_free,DEMO-091,8,3,6,144,P1,"Saved source, approval or output no longer matches its authoritative record.","Synthetic fixtures establish the stated software contract, not live provider quality or deployed availability.",9ae4493152699f1ba35e8b10cd67b2fd423713a34ff41126be216f212adf101c
scale_and_load_failures,external prediction output is rejected before download (media_provider_contract),Contract violation: external prediction output is rejected before download,The named actual-code unittest ran under an external network-denial boundary; fixture substitutions are limited to its declared dependencies.,evals/media_provider_contract.py:test_external_prediction_output_is_rejected_before_download,executed_contract,verified_free,DEMO-092,7,3,5,105,P1,Concurrent workloads interfere or leave capacity unavailable.,"Synthetic fixtures establish the stated software contract, not live provider quality or deployed availability.",c693c8615d57d758130d2a9c436480948624ea20d21b782670f27803726faea7
billing_credit_mismatches,five supported library stops cannot claim seven stop duration (prepared_budget_contract),Contract violation: five supported library stops cannot claim seven stop duration,The named actual-code unittest ran under an external network-denial boundary; fixture substitutions are limited to its declared dependencies.,evals/prepared_budget_contract.py:test_five_supported_library_stops_cannot_claim_seven_stop_duration,executed_contract,verified_free,DEMO-093,8,3,6,144,P1,"Usage, credits or reported costs do not match performed work.","Synthetic fixtures establish the stated software contract, not live provider quality or deployed availability.",ff779b63b104c2f99af6ca63cd2387d9a0e4dddb4a3baaad54690810e641eb7c
data_integrity_partial_writes,reapproval publishes the reviewed new bank (publication_approval_contract),Contract violation: reapproval publishes the reviewed new bank,The named actual-code unittest ran under an external network-denial boundary; fixture substitutions are limited to its declared dependencies.,evals/publication_approval_contract.py:test_reapproval_publishes_the_reviewed_new_bank,executed_contract,verified_free,DEMO-094,8,3,6,144,P1,"Saved source, approval or output no longer matches its authoritative record.","Synthetic fixtures establish the stated software contract, not live provider quality or deployed availability.",d4a111fe734d5f186610e421f6bb19e108fee28c15305daa641719d687965406
unhandled_error_paths,guarantee refusal survives canonical financing question (runtime_conversation_contract),Contract violation: guarantee refusal survives canonical financing question,The named actual-code unittest ran under an external network-denial boundary; fixture substitutions are limited to its declared dependencies.,evals/runtime_conversation_contract.py:test_guarantee_refusal_survives_canonical_financing_question,executed_contract,verified_free,DEMO-095,7,3,5,105,P1,A core action stops or returns a false success.,"Synthetic fixtures establish the stated software contract, not live provider quality or deployed availability.",774bdecc1dfbd5ceadedecb44a6f22701f472eaa72a46113a7910456eafa9db6
billing_credit_mismatches,legacy no deadline path keeps its provider attempts (runtime_credit_cooldown_contract),Contract violation: legacy no deadline path keeps its provider attempts,The named actual-code unittest ran under an external network-denial boundary; fixture substitutions are limited to its declared dependencies.,evals/runtime_credit_cooldown_contract.py:test_legacy_no_deadline_path_keeps_its_provider_attempts,executed_contract,verified_free,DEMO-096,8,3,6,144,P1,"Usage, credits or reported costs do not match performed work.","Synthetic fixtures establish the stated software contract, not live provider quality or deployed availability.",fd7c716d5b9c30318145257ca00ced894c17fac5a422ee8afcbe4a9b9ea024bc
external_dependency_failures,no accepted discovery never fetches (runtime_domain_contract),Contract violation: no accepted discovery never fetches,The named actual-code unittest ran under an external network-denial boundary; fixture substitutions are limited to its declared dependencies.,evals/runtime_domain_contract.py:test_no_accepted_discovery_never_fetches,executed_contract,verified_free,DEMO-097,7,4,5,140,P1,Upstream failure leaks into the workflow or causes unsupported fallback.,"Synthetic fixtures establish the stated software contract, not live provider quality or deployed availability.",e034c3ef40053cb88aee60b96d1fac0ae467bd3ade961e236771ca84713cd5df
edge_cases_from_prd,customer history can name a multiword city but assistant history cannot add one (runtime_tools_replay_contract),Contract violation: customer history can name a multiword city but assistant history cannot add one,The named actual-code unittest ran under an external network-denial boundary; fixture substitutions are limited to its declared dependencies.,evals/runtime_tools_replay_contract.py:test_customer_history_can_name_a_multiword_city_but_assistant_history_cannot_add_one,executed_contract,verified_free,DEMO-098,7,4,5,140,P1,The product returns an outcome that violates its stated workflow.,"Synthetic fixtures establish the stated software contract, not live provider quality or deployed availability.",75cbde6b078a28c3f82e666805b04bddab960921e4816730a3114daaaedb83b9
external_dependency_failures,redirect is cited at actual fetched url (runtime_web_search_contract),Contract violation: redirect is cited at actual fetched url,The named actual-code unittest ran under an external network-denial boundary; fixture substitutions are limited to its declared dependencies.,evals/runtime_web_search_contract.py:test_redirect_is_cited_at_actual_fetched_url,executed_contract,verified_free,DEMO-099,7,4,5,140,P1,Upstream failure leaks into the workflow or causes unsupported fallback.,"Synthetic fixtures establish the stated software contract, not live provider quality or deployed availability.",9b7e746b53b1d4a0bd854f9c060ce1a23db0a0b4190eadb13c78996f31972793
edge_cases_from_prd,old source without hash can be reused (upload_retry_contract),Contract violation: old source without hash can be reused,The named actual-code unittest ran under an external network-denial boundary; fixture substitutions are limited to its declared dependencies.,evals/upload_retry_contract.py:test_old_source_without_hash_can_be_reused,executed_contract,verified_free,DEMO-100,7,4,5,140,P1,The product returns an outcome that violates its stated workflow.,"Synthetic fixtures establish the stated software contract, not live provider quality or deployed availability.",9bd4496ad35ee1b479a98b91feffe448b0bec01e6b898567b7162d7b9e29d9b0
edge_cases_from_prd,livekit rejects other visit and forged publication before sdk (portfolio_auth_contract),Contract violation: livekit rejects other visit and forged publication before sdk,The named actual-code unittest ran under an external network-denial boundary; fixture substitutions are limited to its declared dependencies.,evals/portfolio_auth_contract.py:test_livekit_rejects_other_visit_and_forged_publication_before_sdk,executed_auth_pg,verified_free,DEMO-101,7,4,5,140,P1,The product returns an outcome that violates its stated workflow.,"Synthetic fixtures establish the stated software contract, not live provider quality or deployed availability.",785166db8cda158e6ef68196a5842f93a3606f05c55fdc02d3c7706ee7a52b7c
unhandled_error_paths,api invalidates dependent work only when facts change (fact_retry_contract),Contract violation: api invalidates dependent work only when facts change,The named actual-code unittest ran under an external network-denial boundary; fixture substitutions are limited to its declared dependencies.,evals/fact_retry_contract.py:test_api_invalidates_dependent_work_only_when_facts_change,executed_contract,verified_free,DEMO-102,7,3,5,105,P1,A core action stops or returns a false success.,"Synthetic fixtures establish the stated software contract, not live provider quality or deployed availability.",68b201ae3e00e6292655202f8697d66d4e1b4e2f420e4de4f54b2c7c71c2cbdc
data_integrity_partial_writes,two reviewed displacement values require fresh conflict decision (knowledge_contract),Contract violation: two reviewed displacement values require fresh conflict decision,The named actual-code unittest ran under an external network-denial boundary; fixture substitutions are limited to its declared dependencies.,evals/knowledge_contract.py:test_two_reviewed_displacement_values_require_fresh_conflict_decision,executed_contract,verified_free,DEMO-103,8,3,6,144,P1,"Saved source, approval or output no longer matches its authoritative record.","Synthetic fixtures establish the stated software contract, not live provider quality or deployed availability.",9ae4493152699f1ba35e8b10cd67b2fd423713a34ff41126be216f212adf101c
retry_idempotency_issues,unknown poll status stops without retrying generation (media_provider_contract),Contract violation: unknown poll status stops without retrying generation,The named actual-code unittest ran under an external network-denial boundary; fixture substitutions are limited to its declared dependencies.,evals/media_provider_contract.py:test_unknown_poll_status_stops_without_retrying_generation,executed_contract,verified_free,DEMO-104,8,3,5,120,P1,Repeating or resuming an action creates unwanted extra work.,"Synthetic fixtures establish the stated software contract, not live provider quality or deployed availability.",c693c8615d57d758130d2a9c436480948624ea20d21b782670f27803726faea7
billing_credit_mismatches,mixed tail is not a new independent stop (prepared_budget_contract),Contract violation: mixed tail is not a new independent stop,The named actual-code unittest ran under an external network-denial boundary; fixture substitutions are limited to its declared dependencies.,evals/prepared_budget_contract.py:test_mixed_tail_is_not_a_new_independent_stop,executed_contract,verified_free,DEMO-105,8,3,6,144,P1,"Usage, credits or reported costs do not match performed work.","Synthetic fixtures establish the stated software contract, not live provider quality or deployed availability.",ff779b63b104c2f99af6ca63cd2387d9a0e4dddb4a3baaad54690810e641eb7c
edge_cases_from_prd,typed question never imports unchecked product or later prose (runtime_conversation_contract),Contract violation: typed question never imports unchecked product or later prose,The named actual-code unittest ran under an external network-denial boundary; fixture substitutions are limited to its declared dependencies.,evals/runtime_conversation_contract.py:test_typed_question_never_imports_unchecked_product_or_later_prose,executed_contract,verified_free,DEMO-106,7,4,5,140,P1,The product returns an outcome that violates its stated workflow.,"Synthetic fixtures establish the stated software contract, not live provider quality or deployed availability.",774bdecc1dfbd5ceadedecb44a6f22701f472eaa72a46113a7910456eafa9db6
security_access_control,no owner url blocks discovery and direct fetch (runtime_domain_contract),Contract violation: no owner url blocks discovery and direct fetch,The named actual-code unittest ran under an external network-denial boundary; fixture substitutions are limited to its declared dependencies.,evals/runtime_domain_contract.py:test_no_owner_url_blocks_discovery_and_direct_fetch,executed_contract,verified_free,DEMO-107,9,3,6,162,P1,"Another account, secret or protected resource becomes accessible.","Synthetic fixtures establish the stated software contract, not live provider quality or deployed availability.",e034c3ef40053cb88aee60b96d1fac0ae467bd3ade961e236771ca84713cd5df
data_integrity_partial_writes,assistant city and partial word are not customer locality (runtime_tools_replay_contract),Contract violation: assistant city and partial word are not customer locality,The named actual-code unittest ran under an external network-denial boundary; fixture substitutions are limited to its declared dependencies.,evals/runtime_tools_replay_contract.py:test_assistant_city_and_partial_word_are_not_customer_locality,executed_contract,verified_free,DEMO-108,8,3,6,144,P1,"Saved source, approval or output no longer matches its authoritative record.","Synthetic fixtures establish the stated software contract, not live provider quality or deployed availability.",75cbde6b078a28c3f82e666805b04bddab960921e4816730a3114daaaedb83b9
external_dependency_failures,Real local crawler renderer is unavailable in the current guarded fixture,Real local crawler renderer is unavailable in the current guarded fixture,Earlier attempt timed out in local Chrome/Rosetta; not rerun because root owns browser.,evals/knowledge_contract.py:test_actual_local_renderer_uses_only_fake_safe_fetch,unverified_risk,residual,DEMO-109,7,4,5,140,P1,Upstream failure leaks into the workflow or causes unsupported fallback.,"Synthetic fixtures establish the stated software contract, not live provider quality or deployed availability.",9ae4493152699f1ba35e8b10cd67b2fd423713a34ff41126be216f212adf101c
edge_cases_from_prd,Image-only PDF OCR requires unavailable local tools,Image-only PDF OCR requires unavailable local tools,Explicitly skipped by native fixture.,evals/knowledge_contract.py:test_actual_local_ocr_of_image_only_pdf,unverified_risk,residual,DEMO-110,7,4,5,140,P1,The product returns an outcome that violates its stated workflow.,"Synthetic fixtures establish the stated software contract, not live provider quality or deployed availability.",9ae4493152699f1ba35e8b10cd67b2fd423713a34ff41126be216f212adf101c
edge_cases_from_prd,Source→Read→six Align approvals→measured Voice→publication→customer question fails,Source→Read→six Align approvals→measured Voice→publication→customer question fails,"Session-authored buyer questions, full pipeline and24assertions with actual WAVduration194.22s; canned provider outputs/silentWAVs; no browser invocation.",evals/release_mock_contract.py,executed_driver_proxy,verified_free,DEMO-111,7,4,5,140,P1,The product returns an outcome that violates its stated workflow.,"Synthetic fixtures establish the stated software contract, not live provider quality or deployed availability.",bfcc3aad79e943182c13eef1467dce505b1bf9e1c58bfe4112dce8af7a8a13f9
edge_cases_from_prd,Unsupported customer warranty promise becomes a sourced answer,Unsupported customer warranty promise becomes a sourced answer,"Session-authored warranty question explicitly declines, persists evidence gap and requires FAQ review.",evals/release_mock_contract.py,executed_driver_proxy,verified_free,DEMO-112,7,4,5,140,P1,The product returns an outcome that violates its stated workflow.,"Synthetic fixtures establish the stated software contract, not live provider quality or deployed availability.",bfcc3aad79e943182c13eef1467dce505b1bf9e1c58bfe4112dce8af7a8a13f9
